name	average	std	subject_1	subject_2	subject_3	subject_4	subject_5	subject_6	subject_7	subject_8	subject_9	subject_10	subject_11	subject_12	subject_13	subject_14	subject_15	subject_16	subject_17	subject_18	subject_19	subject_20	subject_21	subject_22	subject_23	subject_24	subject_25	subject_26	subject_27	subject_28	subject_29	subject_30	subject_31	subject_32	subject_33	
Scarlett Johansson	4.06	0.81	5.0	5.0	4.0	4.0	5.0	5.0	4.0	5.0	5.0	5.0	4.0	4.0	5.0	5.0	4.0	3.0	3.0	4.0	4.0	5.0	2.0	4.0	4.0	3.0	3.0	3.0	5.0	3.0	4.0	3.0	4.0	4.0	4.0	
Hillary Clinton	3.88	0.98	4.0	5.0	4.0	4.0	5.0	5.0	4.0	5.0	4.0	5.0	5.0	2.0	4.0	4.0	3.0	3.0	3.0	3.0	3.0	5.0	3.0	4.0	4.0	3.0	2.0	3.0	5.0	4.0	3.0	2.0	5.0	5.0	5.0	
Ernest Hemingway	3.85	0.89	5.0	2.0	3.0	4.0	5.0	5.0	4.0	5.0	3.0	5.0	3.0	4.0	4.0	3.0	3.0	5.0	3.0	4.0	3.0	5.0	3.0	4.0	5.0	4.0	3.0	4.0	5.0	4.0	3.0	3.0	3.0	5.0	3.0	
Bob Dylan	3.91	0.93	3.0	2.0	3.0	4.0	5.0	5.0	5.0	5.0	4.0	4.0	4.0	5.0	3.0	4.0	3.0	3.0	3.0	5.0	3.0	5.0	4.0	4.0	5.0	4.0	4.0	4.0	5.0	3.0	3.0	2.0	5.0	5.0	3.0	
Sigmund Freud	4.03	0.9	4.0	3.0	3.0	5.0	5.0	5.0	5.0	5.0	2.0	4.0	3.0	5.0	5.0	2.0	3.0	5.0	4.0	3.0	4.0	5.0	3.0	4.0	4.0	4.0	4.0	4.0	5.0	4.0	3.0	5.0	4.0	5.0	4.0	
Vladimir Putin	3.85	0.89	3.0	4.0	3.0	3.0	5.0	5.0	4.0	5.0	5.0	5.0	3.0	3.0	3.0	5.0	4.0	4.0	3.0	4.0	4.0	5.0	2.0	4.0	4.0	3.0	3.0	3.0	5.0	4.0	4.0	2.0	4.0	5.0	4.0	
Freddie Mercury	3.97	0.9	4.0	4.0	3.0	4.0	5.0	5.0	3.0	5.0	3.0	4.0	5.0	4.0	3.0	3.0	3.0	5.0	3.0	2.0	4.0	5.0	4.0	4.0	5.0	4.0	5.0	4.0	5.0	5.0	4.0	2.0	3.0	5.0	4.0	
Wolfgang Amadeus Mozart	3.67	0.94	4.0	3.0	2.0	3.0	5.0	5.0	4.0	5.0	3.0	5.0	4.0	4.0	3.0	3.0	2.0	4.0	5.0	4.0	3.0	5.0	3.0	4.0	4.0	3.0	4.0	3.0	5.0	5.0	3.0	3.0	2.0	3.0	3.0	
Silvio Berlusconi	4.45	0.78	5.0	5.0	3.0	4.0	5.0	5.0	4.0	5.0	5.0	5.0	5.0	2.0	5.0	5.0	5.0	5.0	4.0	5.0	3.0	5.0	4.0	4.0	5.0	4.0	4.0	4.0	5.0	5.0	5.0	3.0	5.0	5.0	4.0	
Barack Obama	4.21	0.81	4.0	5.0	3.0	4.0	5.0	5.0	4.0	5.0	5.0	5.0	4.0	3.0	4.0	5.0	3.0	4.0	3.0	5.0	3.0	5.0	4.0	4.0	5.0	4.0	5.0	4.0	5.0	5.0	4.0	2.0	4.0	5.0	4.0	
Madonna	3.7	1.09	3.0	2.0	2.0	4.0	5.0	5.0	3.0	5.0	5.0	4.0	4.0	4.0	3.0	5.0	2.0	4.0	3.0	5.0	3.0	5.0	4.0	4.0	4.0	3.0	4.0	3.0	5.0	5.0	2.0	2.0	2.0	3.0	5.0	
Woody Allen	3.88	1.01	4.0	3.0	2.0	5.0	5.0	5.0	3.0	5.0	4.0	5.0	5.0	4.0	3.0	4.0	3.0	5.0	5.0	5.0	3.0	5.0	4.0	4.0	4.0	2.0	4.0	2.0	5.0	4.0	3.0	2.0	4.0	4.0	3.0	
Quentin Tarantino	4.09	0.75	4.0	3.0	2.0	4.0	5.0	5.0	4.0	4.0	4.0	5.0	5.0	4.0	4.0	4.0	4.0	5.0	4.0	4.0	3.0	5.0	4.0	4.0	5.0	3.0	4.0	3.0	5.0	5.0	5.0	3.0	4.0	4.0	4.0	
J.K. Rowling	3.88	1.04	5.0	2.0	2.0	4.0	5.0	5.0	3.0	5.0	4.0	5.0	5.0	3.0	4.0	4.0	5.0	5.0	4.0	3.0	3.0	5.0	4.0	4.0	5.0	3.0	3.0	3.0	5.0	4.0	3.0	1.0	4.0	4.0	4.0	
William Shakespeare	3.79	0.98	4.0	3.0	2.0	4.0	5.0	5.0	4.0	5.0	2.0	5.0	4.0	4.0	4.0	2.0	3.0	5.0	4.0	4.0	3.0	5.0	4.0	4.0	3.0	4.0	5.0	4.0	5.0	5.0	2.0	3.0	3.0	3.0	3.0	
Israele	3.94	0.98	4.0	2.0	2.0	3.0	5.0	5.0	4.0	5.0	5.0	5.0	5.0	3.0	4.0	5.0	4.0	4.0	3.0	3.0	3.0	4.0	4.0	4.0	5.0	3.0	5.0	3.0	5.0	4.0	3.0	2.0	4.0	5.0	5.0	
New York	4.09	0.96	2.0	2.0	3.0	4.0	5.0	5.0	4.0	5.0	5.0	4.0	5.0	4.0	4.0	5.0	3.0	4.0	4.0	5.0	3.0	5.0	4.0	4.0	5.0	4.0	5.0	4.0	5.0	5.0	3.0	2.0	3.0	5.0	5.0	
Spagna	4.09	0.83	2.0	3.0	4.0	5.0	5.0	5.0	4.0	5.0	5.0	4.0	4.0	4.0	3.0	5.0	3.0	4.0	3.0	4.0	3.0	5.0	4.0	4.0	5.0	4.0	5.0	4.0	5.0	5.0	3.0	3.0	4.0	4.0	5.0	
Amsterdam	3.73	0.96	3.0	2.0	2.0	4.0	5.0	5.0	3.0	5.0	2.0	4.0	3.0	3.0	4.0	2.0	3.0	4.0	4.0	4.0	4.0	5.0	4.0	4.0	5.0	4.0	5.0	4.0	5.0	5.0	3.0	3.0	4.0	3.0	3.0	
Mar Mediterraneo	4.3	0.72	4.0	4.0	2.0	4.0	5.0	5.0	4.0	5.0	4.0	5.0	5.0	4.0	5.0	4.0	5.0	4.0	4.0	5.0	4.0	4.0	4.0	5.0	5.0	4.0	5.0	4.0	5.0	5.0	4.0	3.0	3.0	5.0	4.0	
Parigi	4.12	0.88	4.0	2.0	2.0	3.0	5.0	5.0	4.0	5.0	4.0	5.0	4.0	4.0	5.0	4.0	3.0	4.0	4.0	5.0	4.0	5.0	4.0	4.0	5.0	4.0	5.0	4.0	5.0	5.0	3.0	3.0	3.0	5.0	5.0	
Stonehenge	3.61	1.13	5.0	2.0	2.0	2.0	5.0	5.0	2.0	5.0	3.0	4.0	4.0	3.0	4.0	3.0	2.0	3.0	3.0	2.0	4.0	5.0	4.0	4.0	4.0	5.0	3.0	5.0	5.0	5.0	2.0	4.0	2.0	4.0	4.0	
Sagrada Familia	3.42	1.16	5.0	3.0	2.0	4.0	5.0	5.0	4.0	1.0	3.0	5.0	2.0	2.0	3.0	3.0	2.0	3.0	3.0	4.0	2.0	5.0	4.0	4.0	5.0	3.0	5.0	3.0	5.0	4.0	2.0	3.0	4.0	3.0	2.0	
Germania	3.94	0.81	4.0	3.0	2.0	3.0	5.0	5.0	4.0	5.0	4.0	5.0	5.0	3.0	3.0	4.0	4.0	5.0	3.0	4.0	3.0	5.0	4.0	4.0	4.0	3.0	4.0	3.0	5.0	5.0	4.0	4.0	3.0	4.0	4.0	
Torre di Pisa	3.88	0.91	4.0	3.0	2.0	4.0	5.0	5.0	4.0	5.0	4.0	5.0	4.0	2.0	5.0	4.0	3.0	5.0	3.0	5.0	2.0	5.0	4.0	4.0	4.0	4.0	4.0	4.0	5.0	4.0	3.0	3.0	3.0	4.0	3.0	
Regno Unito	3.94	0.89	5.0	4.0	2.0	3.0	5.0	5.0	4.0	5.0	4.0	5.0	5.0	4.0	4.0	4.0	3.0	3.0	3.0	3.0	3.0	5.0	4.0	4.0	5.0	3.0	4.0	3.0	5.0	5.0	3.0	3.0	3.0	5.0	4.0	
Roma	4.52	0.66	5.0	4.0	3.0	4.0	5.0	5.0	4.0	5.0	4.0	5.0	3.0	3.0	5.0	4.0	4.0	5.0	4.0	5.0	5.0	5.0	4.0	4.0	5.0	5.0	5.0	5.0	5.0	5.0	5.0	4.0	5.0	5.0	5.0	
Macchu Picchu	3.27	1.29	2.0	2.0	1.0	5.0	5.0	5.0	2.0	4.0	2.0	5.0	5.0	3.0	3.0	2.0	2.0	4.0	3.0	2.0	3.0	4.0	4.0	4.0	2.0	2.0	5.0	2.0	5.0	5.0	2.0	2.0	3.0	3.0	5.0	
Nilo	3.33	1.15	2.0	2.0	2.0	2.0	5.0	5.0	3.0	5.0	2.0	5.0	4.0	2.0	2.0	2.0	2.0	4.0	4.0	5.0	3.0	4.0	4.0	4.0	3.0	3.0	4.0	3.0	5.0	5.0	2.0	3.0	2.0	3.0	4.0	
Oceano Atlantico	3.48	1.21	1.0	2.0	2.0	2.0	5.0	5.0	3.0	5.0	3.0	5.0	4.0	4.0	4.0	3.0	3.0	3.0	3.0	5.0	4.0	5.0	4.0	4.0	2.0	2.0	5.0	2.0	5.0	4.0	3.0	2.0	2.0	4.0	5.0	
Oceano Pacifico	3.27	1.19	1.0	2.0	2.0	2.0	5.0	5.0	3.0	5.0	3.0	5.0	4.0	4.0	3.0	3.0	2.0	3.0	3.0	5.0	3.0	4.0	4.0	4.0	2.0	2.0	5.0	2.0	5.0	4.0	2.0	2.0	2.0	4.0	3.0	
Marylin Monroe	4.0	1.1	4.0	4.0	2.0	5.0	5.0	5.0	5.0	5.0	2.0	4.0	2.0	5.0	5.0	2.0	4.0	5.0	5.0	4.0	5.0	5.0	2.0	4.0	3.0	3.0	5.0	3.0	5.0	3.0	4.0	5.0	4.0	5.0	3.0	
Robert De Niro	3.06	0.69	2.0	3.0	3.0	3.0	4.0	4.0	3.0	3.0	4.0	4.0	3.0	3.0	3.0	4.0	3.0	3.0	3.0	3.0	3.0	4.0	2.0	3.0	4.0	2.0	3.0	2.0	4.0	3.0	3.0	1.0	3.0	3.0	3.0	
Britney Spears	2.91	0.57	3.0	2.0	2.0	3.0	4.0	4.0	3.0	4.0	3.0	3.0	3.0	3.0	3.0	3.0	2.0	3.0	3.0	3.0	3.0	3.0	3.0	3.0	3.0	2.0	3.0	2.0	4.0	3.0	2.0	2.0	3.0	3.0	3.0	
Muraglia Cinese	3.3	1.06	2.0	2.0	2.0	3.0	5.0	5.0	3.0	5.0	2.0	4.0	3.0	3.0	4.0	1.0	2.0	4.0	3.0	3.0	3.0	4.0	4.0	4.0	3.0	3.0	5.0	3.0	5.0	3.0	3.0	2.0	3.0	3.0	5.0	
Mar dei Caraibi	3.0	1.07	2.0	3.0	2.0	2.0	5.0	5.0	3.0	4.0	2.0	4.0	5.0	3.0	3.0	2.0	2.0	3.0	3.0	2.0	3.0	3.0	3.0	4.0	2.0	2.0	4.0	2.0	5.0	3.0	2.0	1.0	2.0	4.0	4.0	
Sud Africa	3.18	1.0	2.0	3.0	2.0	2.0	5.0	5.0	2.0	4.0	3.0	5.0	4.0	3.0	2.0	3.0	3.0	3.0	3.0	3.0	2.0	4.0	3.0	4.0	2.0	3.0	4.0	3.0	5.0	3.0	2.0	2.0	3.0	3.0	5.0	
Piramidi di Giza	3.33	0.94	3.0	3.0	2.0	3.0	5.0	5.0	3.0	5.0	2.0	5.0	4.0	3.0	3.0	3.0	2.0	4.0	3.0	2.0	3.0	4.0	4.0	4.0	3.0	3.0	4.0	3.0	5.0	3.0	2.0	3.0	2.0	3.0	4.0	
Rio De Janeiro	3.18	0.87	3.0	3.0	2.0	2.0	5.0	5.0	3.0	4.0	3.0	4.0	4.0	2.0	4.0	3.0	3.0	3.0	3.0	3.0	3.0	3.0	4.0	4.0	3.0	3.0	3.0	2.0	5.0	4.0	2.0	3.0	2.0	2.0	3.0	
Cascate del Niagara	3.48	0.93	2.0	3.0	2.0	3.0	5.0	5.0	3.0	5.0	3.0	5.0	4.0	3.0	3.0	3.0	2.0	4.0	3.0	2.0	3.0	4.0	4.0	4.0	3.0	3.0	4.0	3.0	5.0	5.0	3.0	3.0	3.0	4.0	4.0	
Canada	3.24	1.1	3.0	2.0	2.0	2.0	5.0	5.0	4.0	5.0	3.0	5.0	4.0	2.0	3.0	3.0	2.0	3.0	3.0	5.0	4.0	4.0	4.0	4.0	3.0	2.0	4.0	2.0	5.0	3.0	2.0	2.0	2.0	2.0	3.0	
Stephen Hawking	3.76	1.05	5.0	4.0	2.0	4.0	5.0	5.0	4.0	5.0	4.0	5.0	3.0	2.0	5.0	4.0	3.0	4.0	3.0	3.0	4.0	5.0	3.0	4.0	4.0	2.0	2.0	2.0	5.0	3.0	3.0	3.0	4.0	5.0	5.0	
Will Smith	3.45	1.08	4.0	4.0	3.0	4.0	5.0	5.0	2.0	3.0	4.0	5.0	4.0	2.0	4.0	4.0	3.0	4.0	3.0	3.0	3.0	5.0	2.0	4.0	5.0	3.0	1.0	3.0	5.0	3.0	3.0	1.0	3.0	3.0	4.0	
Angelina Jolie	3.73	0.93	5.0	4.0	4.0	4.0	5.0	5.0	4.0	5.0	3.0	5.0	3.0	3.0	4.0	3.0	3.0	4.0	3.0	4.0	4.0	5.0	3.0	4.0	4.0	3.0	4.0	3.0	5.0	4.0	4.0	1.0	3.0	2.0	3.0	
Lewis Hamilton	2.85	1.21	1.0	4.0	2.0	3.0	5.0	5.0	2.0	2.0	3.0	5.0	3.0	2.0	4.0	3.0	4.0	2.0	2.0	2.0	2.0	3.0	1.0	4.0	3.0	2.0	1.0	2.0	3.0	4.0	4.0	1.0	3.0	5.0	2.0	
Eminem	3.58	1.07	2.0	4.0	5.0	3.0	5.0	5.0	3.0	5.0	4.0	4.0	3.0	3.0	4.0	4.0	2.0	4.0	2.0	4.0	2.0	5.0	2.0	4.0	4.0	2.0	4.0	2.0	5.0	4.0	5.0	2.0	4.0	3.0	4.0	
Stephen King	3.18	1.06	2.0	3.0	2.0	4.0	5.0	5.0	2.0	4.0	2.0	4.0	2.0	4.0	3.0	2.0	2.0	4.0	4.0	2.0	3.0	5.0	3.0	4.0	4.0	3.0	4.0	3.0	5.0	3.0	3.0	1.0	3.0	3.0	2.0	
Lev Tolstoj	3.15	1.21	4.0	2.0	1.0	4.0	5.0	5.0	4.0	5.0	1.0	5.0	3.0	4.0	3.0	1.0	2.0	4.0	3.0	3.0	3.0	5.0	3.0	4.0	3.0	2.0	3.0	2.0	5.0	2.0	2.0	2.0	3.0	3.0	3.0	
Ed Sheeran	2.97	1.03	2.0	3.0	4.0	4.0	5.0	5.0	3.0	1.0	3.0	3.0	3.0	2.0	4.0	3.0	2.0	2.0	2.0	2.0	4.0	3.0	4.0	4.0	2.0	4.0	3.0	4.0	4.0	3.0	2.0	1.0	2.0	2.0	3.0	
Emmanuel Macron	3.42	0.92	3.0	4.0	3.0	3.0	5.0	5.0	3.0	4.0	4.0	5.0	4.0	2.0	3.0	4.0	3.0	3.0	3.0	2.0	4.0	3.0	3.0	4.0	4.0	3.0	4.0	3.0	5.0	4.0	2.0	1.0	3.0	4.0	3.0	
Serena Williams	2.91	1.4	2.0	4.0	1.0	3.0	5.0	5.0	2.0	4.0	5.0	3.0	2.0	2.0	5.0	5.0	2.0	3.0	1.0	2.0	2.0	3.0	1.0	4.0	4.0	1.0	1.0	1.0	4.0	4.0	3.0	1.0	5.0	3.0	3.0	
Gandhi	3.64	0.85	3.0	4.0	3.0	4.0	5.0	5.0	2.0	5.0	3.0	4.0	3.0	3.0	4.0	3.0	2.0	5.0	3.0	3.0	3.0	5.0	4.0	4.0	4.0	3.0	4.0	3.0	5.0	4.0	3.0	3.0	4.0	4.0	3.0	
Rastislav Starkov	1.3	0.83	1.0	1.0	1.0	1.0	1.0	1.0	1.0	1.0	1.0	3.0	1.0	1.0	1.0	1.0	1.0	4.0	1.0	1.0	1.0	1.0	1.0	1.0	1.0	1.0	3.0	1.0	4.0	1.0	1.0	1.0	1.0	1.0	1.0	
Papa Francesco	3.85	0.93	4.0	4.0	3.0	5.0	5.0	5.0	3.0	4.0	3.0	5.0	4.0	2.0	3.0	3.0	3.0	4.0	3.0	4.0	4.0	5.0	3.0	4.0	5.0	3.0	4.0	3.0	5.0	5.0	4.0	2.0	3.0	5.0	5.0	
Mike Tyson	3.0	1.21	2.0	5.0	2.0	3.0	5.0	5.0	1.0	4.0	2.0	5.0	3.0	2.0	2.0	2.0	2.0	3.0	2.0	2.0	2.0	3.0	2.0	4.0	5.0	3.0	2.0	3.0	4.0	3.0	3.0	1.0	3.0	5.0	4.0	
Boris Johnson	3.33	1.06	3.0	4.0	2.0	3.0	5.0	5.0	4.0	5.0	3.0	5.0	3.0	2.0	2.0	3.0	3.0	4.0	2.0	4.0	3.0	3.0	4.0	4.0	4.0	3.0	3.0	3.0	5.0	3.0	2.0	1.0	3.0	5.0	2.0	
Emma Stone	3.12	0.98	5.0	4.0	2.0	4.0	3.0	3.0	3.0	4.0	3.0	3.0	3.0	3.0	4.0	3.0	2.0	3.0	4.0	3.0	3.0	5.0	3.0	4.0	2.0	2.0	4.0	2.0	5.0	3.0	2.0	1.0	2.0	2.0	4.0	
Angela Merkel	3.73	0.96	3.0	4.0	2.0	3.0	5.0	5.0	4.0	5.0	4.0	5.0	4.0	2.0	3.0	4.0	3.0	4.0	3.0	5.0	4.0	5.0	4.0	4.0	4.0	3.0	3.0	3.0	5.0	3.0	2.0	2.0	4.0	5.0	4.0	
Zlatan Ibrahimovic	3.48	1.48	2.0	5.0	3.0	4.0	5.0	5.0	2.0	1.0	5.0	5.0	3.0	1.0	3.0	5.0	5.0	3.0	2.0	2.0	2.0	5.0	2.0	4.0	5.0	3.0	1.0	3.0	5.0	5.0	5.0	1.0	5.0	5.0	3.0	
Diego Armando Maradona	3.91	1.14	3.0	5.0	2.0	4.0	5.0	5.0	3.0	5.0	5.0	5.0	4.0	2.0	3.0	5.0	4.0	4.0	3.0	5.0	3.0	5.0	2.0	4.0	5.0	3.0	4.0	3.0	5.0	5.0	5.0	1.0	3.0	5.0	4.0	
Luciano Pavarotti	3.3	1.0	2.0	3.0	2.0	4.0	5.0	5.0	3.0	4.0	2.0	4.0	3.0	3.0	3.0	2.0	2.0	4.0	3.0	4.0	3.0	5.0	4.0	4.0	3.0	3.0	4.0	3.0	5.0	4.0	3.0	1.0	2.0	3.0	4.0	
Cristiano Ronaldo	3.76	1.28	4.0	5.0	2.0	4.0	5.0	5.0	3.0	4.0	5.0	5.0	3.0	1.0	3.0	5.0	5.0	3.0	2.0	3.0	3.0	5.0	2.0	4.0	5.0	3.0	2.0	3.0	5.0	5.0	4.0	1.0	5.0	5.0	5.0	
Roger Federer	3.45	1.33	3.0	5.0	1.0	3.0	5.0	5.0	2.0	5.0	5.0	4.0	2.0	2.0	5.0	5.0	4.0	3.0	2.0	3.0	2.0	5.0	2.0	4.0	5.0	2.0	3.0	2.0	3.0	4.0	3.0	1.0	5.0	4.0	5.0	
Ray Charles	3.09	1.08	3.0	3.0	2.0	3.0	5.0	5.0	2.0	5.0	2.0	4.0	5.0	4.0	4.0	2.0	2.0	4.0	3.0	2.0	2.0	3.0	3.0	4.0	2.0	2.0	4.0	2.0	3.0	4.0	2.0	1.0	3.0	4.0	3.0	
Umberto Eco	3.58	0.95	4.0	2.0	2.0	4.0	5.0	5.0	3.0	4.0	2.0	5.0	4.0	4.0	3.0	2.0	3.0	5.0	4.0	4.0	4.0	3.0	4.0	4.0	4.0	4.0	4.0	4.0	5.0	3.0	2.0	2.0	3.0	3.0	4.0	
Rihanna	3.24	0.99	5.0	4.0	3.0	3.0	5.0	5.0	3.0	4.0	2.0	4.0	4.0	3.0	3.0	2.0	3.0	2.0	2.0	4.0	3.0	3.0	3.0	4.0	3.0	3.0	4.0	3.0	5.0	3.0	2.0	1.0	2.0	3.0	4.0	
Usain Bolt	3.18	1.19	3.0	5.0	2.0	3.0	5.0	5.0	2.0	2.0	4.0	4.0	2.0	3.0	2.0	4.0	5.0	3.0	2.0	2.0	2.0	4.0	3.0	4.0	4.0	2.0	1.0	2.0	4.0	4.0	4.0	1.0	3.0	5.0	4.0	
Kristen Stewart	2.52	1.08	5.0	2.0	1.0	3.0	4.0	4.0	2.0	3.0	3.0	3.0	2.0	1.0	3.0	3.0	2.0	2.0	3.0	2.0	3.0	3.0	2.0	4.0	2.0	1.0	2.0	1.0	5.0	2.0	3.0	2.0	1.0	1.0	3.0	
Oscar Wilde	3.58	0.85	4.0	4.0	2.0	4.0	5.0	5.0	4.0	5.0	3.0	5.0	3.0	4.0	3.0	3.0	3.0	4.0	3.0	4.0	4.0	3.0	4.0	4.0	3.0	3.0	4.0	3.0	5.0	4.0	2.0	2.0	3.0	3.0	3.0	
Tiger Woods	2.64	1.32	1.0	2.0	2.0	2.0	5.0	5.0	2.0	2.0	3.0	4.0	2.0	1.0	4.0	3.0	3.0	1.0	1.0	3.0	2.0	3.0	2.0	4.0	3.0	1.0	1.0	1.0	5.0	4.0	2.0	1.0	3.0	5.0	4.0	
Martin Luther King	3.85	0.96	3.0	5.0	2.0	3.0	5.0	5.0	2.0	5.0	3.0	5.0	4.0	3.0	4.0	3.0	2.0	4.0	3.0	5.0	3.0	5.0	4.0	4.0	4.0	4.0	5.0	4.0	5.0	5.0	3.0	3.0	4.0	4.0	4.0	
Michael Jordan	3.61	1.23	3.0	5.0	2.0	3.0	5.0	5.0	2.0	4.0	4.0	5.0	4.0	2.0	5.0	4.0	4.0	3.0	3.0	5.0	2.0	5.0	2.0	4.0	5.0	2.0	2.0	2.0	4.0	5.0	4.0	1.0	4.0	5.0	4.0	
Brad Pitt	3.64	1.01	4.0	4.0	2.0	4.0	5.0	5.0	3.0	5.0	4.0	5.0	4.0	3.0	3.0	4.0	3.0	4.0	3.0	4.0	4.0	5.0	3.0	4.0	4.0	2.0	4.0	2.0	5.0	4.0	4.0	1.0	2.0	3.0	4.0	
Agatha Christie	3.39	1.07	5.0	2.0	2.0	4.0	5.0	5.0	3.0	4.0	2.0	3.0	3.0	4.0	3.0	2.0	2.0	4.0	5.0	3.0	2.0	4.0	4.0	4.0	4.0	4.0	4.0	4.0	5.0	3.0	2.0	1.0	4.0	3.0	3.0	
Austria	3.18	1.19	2.0	2.0	3.0	4.0	5.0	5.0	3.0	5.0	4.0	4.0	4.0	1.0	3.0	4.0	3.0	2.0	3.0	1.0	4.0	1.0	3.0	4.0	4.0	3.0	5.0	3.0	5.0	2.0	2.0	2.0	2.0	3.0	4.0	
Sahara	3.09	1.16	2.0	2.0	2.0	3.0	5.0	5.0	3.0	5.0	1.0	4.0	4.0	1.0	3.0	1.0	2.0	4.0	3.0	2.0	4.0	4.0	3.0	4.0	4.0	3.0	3.0	3.0	5.0	4.0	2.0	2.0	2.0	3.0	4.0	
Mare Rosso	3.09	1.11	2.0	2.0	2.0	3.0	5.0	5.0	3.0	3.0	2.0	4.0	3.0	1.0	3.0	2.0	2.0	4.0	3.0	2.0	3.0	3.0	3.0	3.0	3.0	3.0	4.0	3.0	5.0	5.0	2.0	2.0	2.0	5.0	5.0	
Baia di Hudson	2.06	0.95	1.0	1.0	2.0	3.0	4.0	4.0	3.0	1.0	2.0	4.0	2.0	1.0	1.0	2.0	2.0	3.0	2.0	1.0	2.0	3.0	2.0	3.0	1.0	2.0	1.0	2.0	3.0	1.0	1.0	1.0	2.0	3.0	2.0	
Mare del Nord	2.85	1.13	1.0	2.0	2.0	4.0	5.0	5.0	3.0	4.0	2.0	4.0	2.0	2.0	2.0	2.0	2.0	3.0	3.0	2.0	3.0	3.0	3.0	4.0	1.0	3.0	5.0	3.0	5.0	2.0	2.0	2.0	2.0	4.0	2.0	
Taj Mahal	3.03	1.19	1.0	2.0	1.0	3.0	4.0	4.0	3.0	4.0	2.0	5.0	3.0	2.0	4.0	2.0	2.0	4.0	3.0	2.0	2.0	4.0	4.0	4.0	3.0	3.0	5.0	3.0	5.0	5.0	2.0	2.0	2.0	1.0	4.0	
Ayers Rock	2.06	1.28	1.0	1.0	1.0	2.0	4.0	4.0	4.0	2.0	2.0	3.0	4.0	1.0	1.0	2.0	1.0	4.0	1.0	1.0	3.0	1.0	2.0	1.0	4.0	1.0	1.0	1.0	3.0	5.0	1.0	1.0	3.0	1.0	1.0	
Svizzera	3.48	1.13	3.0	2.0	2.0	3.0	5.0	5.0	3.0	5.0	5.0	4.0	5.0	3.0	4.0	5.0	2.0	3.0	3.0	3.0	4.0	3.0	4.0	4.0	4.0	4.0	5.0	4.0	5.0	3.0	3.0	2.0	1.0	2.0	2.0	
Santorini	3.09	1.36	1.0	2.0	2.0	2.0	5.0	5.0	3.0	5.0	1.0	4.0	3.0	1.0	5.0	1.0	2.0	4.0	3.0	1.0	3.0	2.0	4.0	4.0	3.0	5.0	4.0	5.0	5.0	3.0	2.0	2.0	4.0	3.0	3.0	
Pechino	3.06	1.04	1.0	2.0	2.0	2.0	5.0	5.0	3.0	5.0	2.0	4.0	3.0	3.0	4.0	2.0	2.0	3.0	3.0	3.0	3.0	4.0	4.0	4.0	3.0	3.0	3.0	3.0	5.0	2.0	2.0	2.0	2.0	3.0	4.0	
Galapagos	2.85	1.18	3.0	2.0	1.0	2.0	5.0	5.0	2.0	5.0	2.0	3.0	5.0	1.0	3.0	2.0	2.0	4.0	3.0	2.0	3.0	3.0	3.0	4.0	2.0	2.0	3.0	2.0	5.0	3.0	2.0	1.0	2.0	3.0	4.0	
Cervino	2.76	1.37	5.0	2.0	1.0	4.0	5.0	5.0	3.0	1.0	3.0	5.0	2.0	1.0	2.0	3.0	2.0	3.0	3.0	2.0	3.0	3.0	4.0	4.0	1.0	2.0	2.0	2.0	5.0	3.0	1.0	1.0	1.0	5.0	2.0	
Sydney	3.21	1.2	1.0	2.0	2.0	3.0	5.0	5.0	3.0	5.0	2.0	5.0	2.0	3.0	3.0	2.0	2.0	4.0	3.0	4.0	3.0	5.0	4.0	4.0	5.0	2.0	3.0	2.0	5.0	3.0	3.0	1.0	3.0	4.0	3.0	
Mar Nero	3.06	1.04	3.0	2.0	2.0	3.0	5.0	5.0	3.0	4.0	2.0	5.0	3.0	2.0	2.0	2.0	2.0	3.0	3.0	3.0	3.0	3.0	4.0	4.0	4.0	2.0	3.0	2.0	5.0	2.0	2.0	2.0	3.0	3.0	5.0	
Monte Rushmore	2.55	1.18	2.0	2.0	1.0	1.0	4.0	4.0	3.0	2.0	3.0	5.0	3.0	1.0	3.0	3.0	2.0	3.0	3.0	2.0	2.0	5.0	4.0	4.0	2.0	1.0	1.0	1.0	4.0	3.0	2.0	3.0	1.0	1.0	3.0	
Istanbul	3.45	1.02	2.0	2.0	2.0	2.0	5.0	5.0	3.0	5.0	3.0	5.0	3.0	2.0	2.0	3.0	3.0	4.0	3.0	4.0	3.0	4.0	4.0	4.0	4.0	4.0	4.0	4.0	5.0	3.0	3.0	3.0	2.0	4.0	5.0	
Grand Canyon	3.21	1.25	2.0	2.0	1.0	2.0	5.0	5.0	3.0	4.0	2.0	5.0	4.0	3.0	3.0	2.0	2.0	5.0	3.0	4.0	3.0	3.0	3.0	4.0	4.0	2.0	5.0	2.0	5.0	5.0	2.0	1.0	2.0	4.0	4.0	
Atene	3.67	1.09	4.0	2.0	2.0	3.0	5.0	5.0	3.0	5.0	2.0	5.0	3.0	2.0	4.0	2.0	2.0	5.0	3.0	5.0	4.0	4.0	4.0	4.0	4.0	4.0	4.0	4.0	5.0	5.0	3.0	2.0	3.0	5.0	4.0	
Sud Corea	2.91	1.19	2.0	2.0	1.0	2.0	5.0	5.0	3.0	5.0	2.0	4.0	4.0	2.0	2.0	2.0	3.0	3.0	3.0	3.0	2.0	4.0	3.0	4.0	1.0	2.0	2.0	2.0	5.0	4.0	2.0	1.0	3.0	4.0	4.0	
Monte Fuji	2.94	1.1	2.0	2.0	2.0	2.0	5.0	5.0	3.0	4.0	2.0	4.0	3.0	2.0	2.0	2.0	2.0	4.0	3.0	3.0	2.0	4.0	4.0	4.0	1.0	2.0	2.0	2.0	5.0	4.0	2.0	3.0	2.0	4.0	4.0	
Monte Saint-Michel	3.0	1.33	3.0	1.0	1.0	5.0	5.0	5.0	3.0	1.0	3.0	5.0	4.0	3.0	1.0	3.0	2.0	3.0	3.0	3.0	3.0	3.0	4.0	4.0	1.0	4.0	4.0	4.0	5.0	4.0	2.0	1.0	1.0	2.0	3.0	
Amazzonia	3.24	0.95	3.0	2.0	2.0	2.0	5.0	5.0	3.0	4.0	3.0	5.0	4.0	3.0	2.0	3.0	2.0	3.0	4.0	2.0	3.0	4.0	4.0	4.0	2.0	3.0	3.0	3.0	5.0	4.0	2.0	3.0	3.0	3.0	4.0	
Maldive	2.82	1.11	2.0	2.0	2.0	2.0	5.0	5.0	2.0	4.0	2.0	4.0	2.0	1.0	3.0	2.0	2.0	4.0	3.0	3.0	2.0	3.0	4.0	4.0	2.0	2.0	3.0	2.0	5.0	4.0	2.0	2.0	1.0	3.0	4.0	
Antartide	3.24	1.26	3.0	2.0	2.0	2.0	5.0	5.0	3.0	5.0	1.0	5.0	5.0	4.0	4.0	1.0	3.0	3.0	3.0	4.0	4.0	4.0	3.0	4.0	2.0	2.0	5.0	2.0	5.0	4.0	2.0	2.0	2.0	4.0	2.0	
Giappone	3.76	1.05	3.0	2.0	2.0	2.0	5.0	5.0	2.0	5.0	4.0	5.0	5.0	4.0	4.0	4.0	3.0	4.0	3.0	5.0	4.0	4.0	4.0	4.0	3.0	2.0	4.0	2.0	5.0	5.0	3.0	4.0	4.0	4.0	5.0	
Mosca	3.33	1.03	1.0	2.0	2.0	3.0	5.0	5.0	2.0	5.0	4.0	5.0	4.0	4.0	3.0	4.0	3.0	3.0	3.0	3.0	3.0	4.0	4.0	4.0	3.0	2.0	3.0	2.0	5.0	3.0	3.0	4.0	2.0	3.0	4.0	
Canale della Manica	3.15	1.13	4.0	2.0	2.0	2.0	5.0	5.0	3.0	2.0	2.0	5.0	5.0	2.0	2.0	2.0	2.0	3.0	3.0	4.0	3.0	5.0	4.0	4.0	2.0	3.0	3.0	3.0	5.0	3.0	2.0	2.0	2.0	4.0	4.0	
